{"timestamps": [1466461378.104525], "initial_reset_timestamp": 1466461377.494063, "episode_lengths": [0], "episode_rewards": [0]}