{"timestamps": [1466461458.08594, 1466461460.728143, 1466461460.784063, 1466461460.789384, 1466461460.795662, 1466461460.800788, 1466461460.807108, 1466461460.812259, 1466461463.546782, 1466461463.60433, 1466461463.64727, 1466461463.656213, 1466461463.663283, 1466461463.668988, 1466461463.676149, 1466461463.682509, 1466461463.692712, 1466461463.70124, 1466461463.710866, 1466461463.716677, 1466461463.724593, 1466461463.734287, 1466461463.740306, 1466461463.748107, 1466461463.754975, 1466461463.761204, 1466461463.768156, 1466461466.581141, 1466461466.663839, 1466461466.673393, 1466461466.680543, 1466461466.690485, 1466461466.6967, 1466461466.709012, 1466461466.715704, 1466461466.727208, 1466461466.73579, 1466461466.744877, 1466461466.757448, 1466461466.771206, 1466461466.778438, 1466461466.78628, 1466461466.797345, 1466461466.806665, 1466461466.813835, 1466461466.82462, 1466461466.841156, 1466461466.846946, 1466461466.858106, 1466461466.872844, 1466461466.880482, 1466461466.892601, 1466461466.898639, 1466461466.910166, 1466461466.922542, 1466461466.932503, 1466461466.943135, 1466461466.950046, 1466461466.962987, 1466461466.971341, 1466461466.979108, 1466461466.987265, 1466461466.995786, 1466461467.00868, 1466461470.464462, 1466461470.534154, 1466461470.543313, 1466461470.551685, 1466461470.559139, 1466461470.567463, 1466461470.579119, 1466461470.587244, 1466461470.595156, 1466461470.60345, 1466461470.611715, 1466461470.620023, 1466461470.631352, 1466461470.640229, 1466461470.651095, 1466461470.665361, 1466461470.672599, 1466461470.682252, 1466461470.688849, 1466461470.70021, 1466461470.713057, 1466461470.720798, 1466461470.728156, 1466461470.735558, 1466461470.746022, 1466461470.754595, 1466461470.764428, 1466461470.772049, 1466461470.781988, 1466461470.790553, 1466461470.799914, 1466461470.807085, 1466461470.816609, 1466461470.828771, 1466461470.836115, 1466461470.844459], "initial_reset_timestamp": 1466461450.237532, "episode_lengths": [200, 200, 200, 200, 200, 200, 200, 200, 200, 200, 200, 200, 200, 200, 200, 200, 200, 200, 200, 200, 200, 200, 200, 200, 200, 200, 200, 200, 200, 200, 200, 200, 200, 200, 200, 200, 200, 200, 200, 200, 200, 200, 200, 200, 200, 200, 200, 200, 200, 200, 200, 200, 200, 200, 200, 200, 200, 200, 200, 200, 200, 200, 200, 200, 200, 200, 200, 200, 200, 200, 200, 200, 200, 200, 200, 200, 200, 200, 200, 200, 200, 200, 200, 200, 200, 200, 200, 200, 200, 200, 200, 200, 200, 200, 200, 200, 200, 200, 200, 200], "episode_rewards": [200.0, 200.0, 200.0, 200.0, 200.0, 200.0, 200.0, 200.0, 200.0, 200.0, 200.0, 200.0, 200.0, 200.0, 200.0, 200.0, 200.0, 200.0, 200.0, 200.0, 200.0, 200.0, 200.0, 200.0, 200.0, 200.0, 200.0, 200.0, 200.0, 200.0, 200.0, 200.0, 200.0, 200.0, 200.0, 200.0, 200.0, 200.0, 200.0, 200.0, 200.0, 200.0, 200.0, 200.0, 200.0, 200.0, 200.0, 200.0, 200.0, 200.0, 200.0, 200.0, 200.0, 200.0, 200.0, 200.0, 200.0, 200.0, 200.0, 200.0, 200.0, 200.0, 200.0, 200.0, 200.0, 200.0, 200.0, 200.0, 200.0, 200.0, 200.0, 200.0, 200.0, 200.0, 200.0, 200.0, 200.0, 200.0, 200.0, 200.0, 200.0, 200.0, 200.0, 200.0, 200.0, 200.0, 200.0, 200.0, 200.0, 200.0, 200.0, 200.0, 200.0, 200.0, 200.0, 200.0, 200.0, 200.0, 200.0, 200.0]}